strategy,snr_db,efficiency,fairness,critical_satisfaction
equal_allocation,-10,0.5283132435126169,0.8710662520931185,False
semantic_aware,-10,0.7177021336745525,0.586624026682181,False
priority_weighted,-10,0.667779304291415,0.6299055090109822,False
equal_allocation,0,2.2305047846183195,0.9703824866624016,False
semantic_aware,0,1.933668847187792,0.6687699047486804,False
priority_weighted,0,1.9932011056845598,0.705769589254949,False
equal_allocation,10,3.0945266598252776,0.9761600160658175,True
semantic_aware,10,2.6581532709085276,0.857774169670719,True
priority_weighted,10,2.877500306367787,0.9302654916665424,True
