snr_db,comparison,accuracy_improvement,ber_improvement,cohens_d,effect_size
-10,Semantic: RIS vs No-RIS,11.24995000000002,11.249950000000004,14.240416120453455,Large
0,Semantic: RIS vs No-RIS,4.748475000000008,4.7484749999999964,6.282022829484497,Large
10,Semantic: RIS vs No-RIS,0.7306999999999841,0.7307000000000008,0.9773064502198996,Large
